[
  {
    "id": "1",
    "title": "AI Bootcamp",
    "description": "Learn the basics of AI with hands-on projects.",
    "price": 120,
    "images": [
      "https://images.pexels.com/photos/8294653/pexels-photo-8294653.jpeg",
      "https://images.pexels.com/photos/5473957/pexels-photo-5473957.jpeg",
      "https://images.pexels.com/photos/5473955/pexels-photo-5473955.jpeg"
    ],
    "date": "2025-06-10T00:00:00Z",
    "location": "Beirut Digital District"
  },
  {
    "id": "2",
    "title": "Web Dev Workshop",
    "description": "Build modern websites with HTML, CSS, and JavaScript.",
    "price": 90,
    "images": [
      "https://images.pexels.com/photos/1181675/pexels-photo-1181675.jpeg",
      "https://images.pexels.com/photos/160107/pexels-photo-160107.jpeg",
      "https://images.pexels.com/photos/3861969/pexels-photo-3861969.jpeg"
    ],
    "date": "2025-07-05T00:00:00Z",
    "location": "Lebanese American University"
  },
  {
    "id": "3",
    "title": "Cybersecurity 101",
    "description": "An introduction to ethical hacking and security fundamentals.",
    "price": 150,
    "images": [
      "https://images.pexels.com/photos/5380648/pexels-photo-5380648.jpeg",
      "https://images.pexels.com/photos/2312369/pexels-photo-2312369.jpeg",
      "https://images.pexels.com/photos/5380663/pexels-photo-5380663.jpeg"
    ],
    "date": "2025-08-01T00:00:00Z",
    "location": "Université Saint-Joseph"
  },
  {
    "id": "4",
    "title": "Startup Pitch Day",
    "description": "Pitch your startup ideas to investors and mentors.",
    "price": 200,
    "images": [
      "https://images.pexels.com/photos/3184291/pexels-photo-3184291.jpeg",
      "https://images.pexels.com/photos/6693650/pexels-photo-6693650.jpeg",
      "https://images.pexels.com/photos/3184465/pexels-photo-3184465.jpeg"
    ],
    "date": "2025-09-20T00:00:00Z",
    "location": "Innovation Factory, Beirut"
  }
]
