[
  {
    "id": "1",
    "title": "AI Bootcamp",
    "description": "Learn the basics of AI with hands-on projects.",
    "price": 120,
    "images": [
      "https://images.pexels.com/photos/8294653/pexels-photo-8294653.jpeg",
      "https://images.pexels.com/photos/5473957/pexels-photo-5473957.jpeg",
      "https://images.pexels.com/photos/5473955/pexels-photo-5473955.jpeg"
    ]
  },
  {
    "id": "1",
    "title": "AI Bootcamp",
    "description": "Learn the basics of AI with hands-on projects.",
    "price": 120,
    "images": [
      "https://images.pexels.com/photos/8294653/pexels-photo-8294653.jpeg",
      "https://images.pexels.com/photos/5473957/pexels-photo-5473957.jpeg",
      "https://images.pexels.com/photos/5473955/pexels-photo-5473955.jpeg"
    ]
  },
  {
    "id": "1",
    "title": "AI Bootcamp",
    "description": "Learn the basics of AI with hands-on projects.",
    "price": 120,
    "images": [
      "https://images.pexels.com/photos/8294653/pexels-photo-8294653.jpeg",
      "https://images.pexels.com/photos/5473957/pexels-photo-5473957.jpeg",
      "https://images.pexels.com/photos/5473955/pexels-photo-5473955.jpeg"
    ]
  },
  {
    "id": "1",
    "title": "AI Bootcamp",
    "description": "Learn the basics of AI with hands-on projects.",
    "price": 120,
    "images": [
      "https://images.pexels.com/photos/8294653/pexels-photo-8294653.jpeg",
      "https://images.pexels.com/photos/5473957/pexels-photo-5473957.jpeg",
      "https://images.pexels.com/photos/5473955/pexels-photo-5473955.jpeg"
    ]
  },
  {
    "id": "1",
    "title": "AI Bootcamp",
    "description": "Learn the basics of AI with hands-on projects.",
    "price": 120,
    "images": [
      "https://images.pexels.com/photos/8294653/pexels-photo-8294653.jpeg",
      "https://images.pexels.com/photos/5473957/pexels-photo-5473957.jpeg",
      "https://images.pexels.com/photos/5473955/pexels-photo-5473955.jpeg"
    ]
  },
  {
    "id": "2",
    "title": "Web Dev Workshop",
    "description": "Build modern websites with HTML, CSS, and JavaScript.",
    "price": 90,
    "images": [
      "https://images.pexels.com/photos/1181675/pexels-photo-1181675.jpeg",
      "https://images.pexels.com/photos/160107/pexels-photo-160107.jpeg",
      "https://images.pexels.com/photos/3861969/pexels-photo-3861969.jpeg"
    ],
    "date": "2025-07-05T00:00:00Z",
    "location": "Lebanese American University",
    "user": "hasanyzbk20@gmail.com"
  },
  {
    "id": "1",
    "title": "AI Bootcamp",
    "description": "Learn the basics of AI with hands-on projects.",
    "price": 120,
    "images": [
      "https://images.pexels.com/photos/8294653/pexels-photo-8294653.jpeg",
      "https://images.pexels.com/photos/5473957/pexels-photo-5473957.jpeg",
      "https://images.pexels.com/photos/5473955/pexels-photo-5473955.jpeg"
    ],
    "date": "2025-06-10T00:00:00Z",
    "location": "Beirut Digital District",
    "user": "hasanyzbk20@gmail.com"
  },
  {
    "id": "1",
    "title": "AI Bootcamp",
    "description": "Learn the basics of AI with hands-on projects.",
    "price": 120,
    "images": [
      "https://images.pexels.com/photos/8294653/pexels-photo-8294653.jpeg",
      "https://images.pexels.com/photos/5473957/pexels-photo-5473957.jpeg",
      "https://images.pexels.com/photos/5473955/pexels-photo-5473955.jpeg"
    ],
    "date": "2025-06-10T00:00:00Z",
    "location": "Beirut Digital District",
    "user": "hsn@gmail.com"
  },
  {
    "id": "1",
    "title": "AI Bootcamp",
    "description": "Learn the basics of AI with hands-on projects.",
    "price": 120,
    "images": [
      "https://images.pexels.com/photos/8294653/pexels-photo-8294653.jpeg",
      "https://images.pexels.com/photos/5473957/pexels-photo-5473957.jpeg",
      "https://images.pexels.com/photos/5473955/pexels-photo-5473955.jpeg"
    ],
    "date": "2025-06-10T00:00:00Z",
    "location": "Beirut Digital District",
    "user": "hasn@gmail.com"
  }
]