[
  {
    "eventId": "1",
    "content": "veryy good!!!!",
    "user": "hasanyzbk20@gmail.com",
    "timestamp": "2025-04-20T11:24:45.072Z"
  },
  {
    "eventId": "2",
    "content": "wowwww!!!!!!",
    "user": "hasanyzbk20@gmail.com",
    "timestamp": "2025-04-20T11:27:00.606Z"
  },
  {
    "eventId": "1",
    "content": "badddd",
    "user": "hasanyzbk20@gmail.com",
    "timestamp": "2025-04-20T12:23:37.343Z"
  },
  {
    "eventId": "1",
    "content": "wowww!!!!!!!!!!!!!!!!!!!!!!!!1",
    "user": "hsn@gmail.com",
    "timestamp": "2025-04-20T12:28:26.407Z"
  },
  {
    "eventId": "1",
    "content": "veryyyyyyyyyy goodddddddddddddddd",
    "user": "hasn@gmail.com",
    "timestamp": "2025-04-20T12:35:35.219Z"
  }
]